"Attribute","factor1","factor2","path"
"Hard",-0.540192376684164,0.723159182862429,1
"RAM",0.706588423971472,0.466205324782771,1
"Screen.Size",0.651279330399267,0.568148713872687,1
"Price",0.770506354437625,-0.400767261857981,1
"Hard",0,0,0
"RAM",0,0,0
"Screen.Size",0,0,0
"Price",0,0,0
