"Profile","score1","score2"
"Acer",-0.233786505329302,1
"Apple",0.900102914665314,0.296725221987034
"Dell",-0.00689383510184383,-0.615390980082492
"Lenovo",-0.35829232454748,-0.783927744791985
"Acer",-1,0.457832721421824
"Dell",-0.0267772716872182,-0.421308869513714
"Lenovo",0.478392543559146,0.483696930115713
"Apple",0.247254478441383,-0.417627279136382
